,conf,end,start,word,team_no
0,0.896264,0.187504,0.06,if,1
1,0.626747,0.3,0.187504,be,1
2,0.711824,0.719979,0.3,fine,1
3,0.716995,1.140221,0.87,leg,1
4,0.880183,1.56,1.22375,anyway,1
5,0.619596,7.11,5.91,hm,1
6,0.373046,17.91,17.73,for,1
7,0.965731,18.03,17.914603,the,1
8,0.703891,18.212584,18.03,deaf,1
9,0.318955,18.36,18.212584,when,1
10,0.970371,18.66,18.360494,invade,1
11,1.0,19.08,18.6603,actually,1
12,0.981279,19.32,19.23,be,1
13,0.987036,19.71,19.32,careful,1
14,0.648275,20.132662,19.8,bro,1
15,0.213499,20.55,20.132662,leah,1
16,0.771732,22.799982,22.11,hi,1
17,0.288859,23.601053,23.07017,lou,1
18,0.89951,24.76819,24.363439,ooh,1
19,0.581412,25.087114,24.783322,to,1
20,0.936083,25.401903,25.180926,ooh,1
21,0.487548,25.635068,25.401903,to,1
22,0.874325,27.24,25.761548,ooh,1
23,0.799338,29.365761,29.19,they,1
24,0.892862,29.486131,29.365761,they,1
25,0.966717,29.64,29.488464,come,1
26,0.976897,29.82,29.64,this,1
27,0.987489,29.993632,29.82,way,1
28,0.273526,30.419068,30.092772,see,1
29,0.505436,32.49,32.19,love,1
30,0.461452,32.591678,32.506256,and,1
31,0.461045,32.82,32.591678,income,1
32,0.571828,33.029722,32.82,this,1
33,0.599492,33.24,33.03,way,1
34,0.2618,33.852979,33.660505,going,1
35,0.560239,33.958568,33.852979,a,1
36,0.571042,34.26,34.026141,long,1
37,0.577273,34.47,34.26,way,1
38,0.920754,36.15371,35.85,yeah,1
39,0.880766,36.4497,36.15371,how,1
40,0.347155,37.703807,37.29,already,1
41,0.531655,37.942039,37.703807,read,1
42,0.592641,38.085571,37.942039,on,1
43,0.525576,38.196061,38.099883,her,1
44,0.524799,38.52,38.196061,escape,1
45,0.586532,38.756704,38.606704,at,1
46,0.6462,38.911655,38.75844,all,1
47,0.474712,39.034512,38.912607,is,1
48,0.239043,39.15,39.034512,were,1
49,0.620641,39.51,39.15,flush,1
50,1.0,40.38,40.080099,level,1
51,0.986372,40.650004,40.38,one,1
52,0.989021,40.776094,40.650004,and,1
53,0.567641,40.890894,40.776094,then,1
54,0.402523,41.01,40.890894,just,1
55,0.972989,42.3,41.94,camp,1
56,0.995547,42.39,42.3,i,1
57,0.96606,42.9,42.390018,stuck,1
58,0.547269,44.01,43.62063,you,1
59,0.910461,44.436665,44.100132,stand,1
60,0.531788,44.76,44.436665,there,1
61,0.987608,46.08,45.9,they,1
62,0.99258,46.23,46.08,will,1
63,0.970738,46.797836,46.230022,grow,1
64,0.81583,48.3,47.94,or,1
65,1.0,48.54,48.36,if,1
66,1.0,48.63,48.54,i,1
67,1.0,48.81,48.66,if,1
68,0.99863,48.99,48.81,i,1
69,1.0,49.2,49.05,if,1
70,1.0,49.29,49.2,i,1
71,1.0,49.500004,49.29,die,1
72,0.970066,49.709293,49.500004,here,1
73,0.949422,49.86,49.709557,now,1
74,0.990526,50.128942,49.860901,blame,1
75,0.95845,50.37,50.130179,you,1
76,0.389655,52.6996,52.32,fly,1
77,0.346034,52.920179,52.712882,where,1
78,0.926031,53.162241,52.979821,where,1
79,0.873118,53.474498,53.163442,i,1
80,0.341807,53.7,53.52,can,1
81,0.40063,53.91,53.771166,in,1
82,0.894083,54.06,53.910403,an,1
83,0.998303,54.479839,54.09,excellent,1
84,0.947371,54.81,54.509982,ending,1
85,0.391106,63.99,63.87,yeah,1
86,0.835869,64.275066,63.990637,because,1
87,0.706814,64.361821,64.275066,they,1
88,0.644946,64.522947,64.38,might,1
89,0.953117,64.59,64.522947,be,1
90,0.380295,64.92,64.59,stunning,1
91,0.96477,65.07,64.92,in,1
92,0.832376,65.337554,65.1,here,1
93,0.759906,65.43,65.34,as,1
94,0.934935,65.58,65.43,well,1
95,0.58712,65.64,65.58,i've,1
96,0.99944,65.85,65.651162,seen,1
97,0.532092,66.06,65.85,some,1
98,0.466873,66.449897,66.06,data,1
99,0.318711,67.240935,67.08,had,1
100,0.282377,67.289868,67.240935,a,1
101,0.925227,67.590044,67.309482,stand,1
102,0.967078,67.8,67.590044,there,1
103,0.988068,67.919905,67.800557,and,1
104,0.99927,68.13,67.919905,just,1
105,0.408418,68.369985,68.13,hook,1
106,1.0,68.55,68.369985,over,1
107,1.0,68.64,68.55,the,1
108,1.0,69.0,68.64,wall,1
109,0.71716,70.318477,69.78,absurd,1
110,0.540882,70.526228,70.323486,old,1
111,0.951043,70.95,70.526228,school,1
112,0.999561,71.7,71.19,yeah,1
113,0.25027,77.91,77.7,boom,1
114,0.281223,79.485015,79.060876,paul,1
115,0.549808,82.14,81.9,high,1
116,0.549808,82.325435,82.14,school,1
117,0.246089,82.74,82.325435,goebbels,1
118,0.877552,83.850059,83.670044,do,1
119,0.970929,84.09,83.850059,this,1
120,0.909545,87.239758,86.52,curiouser,1
121,0.82693,87.537656,87.298088,where,1
122,0.800521,87.72,87.540081,i'll,1
123,0.869887,87.86907,87.720059,be,1
124,0.894872,88.38,87.872578,placed,1
125,1.0,88.83,88.38,actually,1
126,0.822998,89.997546,89.79,kill,1
127,0.717834,90.131704,89.997546,her,1
128,0.989515,90.306606,90.131704,her,1
129,0.907705,90.778872,90.450176,last,1
130,0.2065,91.169875,90.779194,forever,1
131,0.897513,91.89,91.59,well,1
132,0.999998,92.31,91.890029,so,1
133,0.578398,93.059561,92.73115,yeah,1
134,0.205411,93.810608,93.63,for,1
135,0.997365,94.41,93.925466,interesting,1
136,0.949419,94.619978,94.41,cover,1
137,0.804288,94.86,94.619978,gotta,1
138,0.999993,95.219839,94.861348,believe,1
139,0.961378,95.52,95.22,you,1
140,0.911559,95.7,95.610015,i,1
141,0.941715,95.970103,95.700937,believe,1
142,0.895979,96.03,95.970103,in,1
143,0.336446,96.128679,96.030366,it,1
144,0.440626,96.29948,96.128679,told,1
145,0.878627,96.656133,96.29948,emily's,1
146,0.305669,96.750022,96.656133,the,1
147,0.392073,97.05,96.762202,loot,1
148,0.993524,97.26,97.05,win,1
149,1.0,97.65,97.260037,streak,1
150,1.0,99.15,98.79,oh,1
151,1.0,99.57,99.18,right,1
152,0.788735,100.11,99.84,yeah,1
153,0.969468,101.319448,101.229163,i,1
154,0.960194,101.745154,101.595154,don't,1
155,0.979585,102.028813,101.759385,care,1
156,0.811253,102.118564,102.028813,i,1
157,0.781958,102.420044,102.210015,liked,1
158,0.862241,102.54,102.421523,his,1
159,0.556978,102.979307,102.540007,minor,1
160,0.283339,103.17,102.979307,yeah,1
161,0.541275,104.16,103.8,yeah,1
162,0.845776,125.52,125.07,papa,1
163,0.845951,126.09,125.579868,papa,1
164,0.827839,127.08,126.240015,papa,1
165,0.981946,146.82,146.67,did,1
166,0.746261,146.88,146.82,you,1
167,0.875834,147.24,146.880146,stop,1
168,0.674434,148.193569,147.84,playing,1
169,0.783879,148.551958,148.200981,already,1
170,0.618822,148.89,148.551958,enough,1
171,0.457794,151.708887,151.41,mondo,1
172,0.299902,151.950688,151.708887,place,1
173,0.305288,152.039941,151.952974,the,1
174,0.471725,152.64,152.342139,on,1
175,0.972684,155.46,154.89,chickens,1
176,1.0,155.937729,155.49,so,1
177,0.730894,157.079956,156.84,thank,1
178,0.917707,157.17,157.079956,you,1
179,0.998727,157.709854,157.170044,started,1
180,0.909254,158.46,158.07,blue,1
181,0.560883,160.469912,160.11,but,1
182,0.325666,161.49,161.28,hum,1
183,0.497744,161.91,161.49,google,1
184,0.520615,162.296499,161.91,plus,1
185,0.721858,162.66,162.296499,award,1
186,0.287534,170.27981,169.95,how's,1
187,0.972043,170.82,170.310176,export,1
188,0.65825,172.290044,171.9,theater,1
189,0.783047,172.38,172.290044,and,1
190,0.433309,172.77,172.38,flush,1
191,0.996892,174.72,174.51,oh,1
192,0.894056,175.14,174.72,mama,1
193,0.278495,176.969956,176.64,whereas,1
194,0.205338,177.415049,177.12,total,1
195,0.857118,177.81,177.415049,rule,1
196,0.994422,178.56,178.32,oh,1
197,0.976224,178.966772,178.56,actually,1
198,0.339109,179.040806,178.98,the,1
199,0.488279,179.365693,179.040806,diner,1
200,0.927546,180.269385,179.520366,ah,1
201,0.511846,180.99,180.45,no,1
202,0.966393,182.31,181.908457,lucky,1
203,0.566591,183.232529,183.11291,i'm,1
204,0.408725,183.469321,183.239897,gonna,1
205,0.982772,183.69,183.469321,gonna,1
206,0.987645,183.87,183.690088,come,1
207,0.760316,184.049473,183.87,from,1
208,0.781434,184.499985,184.057764,either,1
209,0.789541,185.07,184.77,place,1
210,0.948353,185.4,185.07,or,1
211,0.815238,194.60521,194.37,here,1
212,0.503228,194.782324,194.60521,he,1
213,0.458103,194.9671,194.79,just,1
214,0.995401,195.210425,194.9671,was,1
215,0.872957,195.27,195.210425,a,1
216,0.947196,195.78,195.270073,syria,1
217,0.499838,196.05,195.845742,is,1
218,1.0,196.53,196.05,yeah,1
219,0.491862,196.799663,196.71,i'm,1
220,0.63922,197.038506,196.799663,coming,1
221,0.663221,197.219971,197.038506,out,1
222,0.884314,197.31,197.222197,is,1
223,0.993207,197.55,197.31,gonna,1
224,0.952322,197.7,197.55,fly,1
225,0.935934,197.820483,197.700088,to,1
226,0.840916,198.12,197.820483,dc,1
227,0.87118,198.880869,198.78,of,1
228,0.345112,198.990117,198.880869,the,1
229,0.541088,199.41,199.261479,know,1
230,0.848058,199.655435,199.410586,he'll,1
231,0.71817,199.95,199.655435,not,1
232,0.749419,200.25,199.95,uncommon,1
233,0.889169,207.300322,207.030513,ah,1
234,0.324935,211.11,210.75,gollum,1
235,0.772176,211.5,211.140161,very,1
236,0.699625,211.77,211.5,fun,1
237,0.298795,212.82,212.46,peter,1
238,0.906302,222.54,222.12,oh,1
239,0.797773,224.37,224.077632,got,1
240,1.0,224.76,224.370015,one,1
241,0.996437,225.39,224.76,kill,1
242,0.674667,266.849678,266.73,i,1
243,0.59311,267.143877,266.851201,stopped,1
244,0.992784,267.418857,267.143877,doing,1
245,0.841678,267.861768,267.54,against,1
246,0.242096,268.2,267.87,armor,1
247,0.615673,269.189385,269.151475,i,1
248,0.632638,269.429619,269.190498,mean,1
249,0.543804,269.52,269.43,it's,1
250,0.991183,269.97,269.520674,fine,1
251,0.904834,275.213057,274.77,others,1
252,0.854628,275.43,275.22,less,1
253,0.450024,275.67,275.43,hope,1
254,0.255532,275.848887,275.699941,men,1
255,0.98477,276.090205,275.848887,looking,1
256,0.96475,276.21,276.090205,at,1
257,0.897893,276.446543,276.21,big,1
258,0.974018,276.719941,276.446543,because,1
259,0.986403,276.812578,276.719941,if,1
260,0.504908,276.93,276.812578,you,1
261,0.991744,277.2,276.93,comes,1
262,0.708027,277.379385,277.200586,out,1
263,0.28287,278.25,277.77,double,1
264,0.8353,278.55,278.31,hit,1
265,0.184705,279.088154,278.550029,pentagon's,1
266,0.480001,279.509941,279.103828,then,1
267,0.751663,281.219766,281.07,but,1
268,0.937949,281.34,281.219766,he,1
269,0.968524,281.61,281.340029,actually,1
270,0.901559,281.938242,281.76,should,1
271,1.0,282.06,281.938242,be,1
272,0.72702,282.45,282.06,okay,1
273,0.517463,292.13918,291.695039,who,1
274,0.459406,292.753564,292.339307,who,1
275,0.24918,294.3,293.79,who,1
276,0.481531,316.978564,316.92,it,1
277,0.596193,317.102139,316.978564,was,1
278,0.289643,318.6,318.27,dollars,1
279,0.74992,318.72,318.6,on,1
280,0.734685,318.96,318.720205,top,1
281,0.970936,319.889795,319.769795,of,1
282,0.561127,320.19,319.889971,thinking,1
283,0.488081,320.46,320.22,maybe,1
284,1.0,320.969941,320.46,topside,1
285,0.898513,322.380674,322.02,hiring,1
286,0.186552,322.469678,322.380674,a,1
287,0.72588,322.71,322.5,try,1
288,0.968289,322.859971,322.724941,to,1
289,0.685398,323.190059,322.861348,paper,1
290,0.857002,323.398477,323.191377,just,1
291,1.0,323.76,323.398477,literally,1
292,1.0,324.179883,323.76,walking,1
293,0.929829,324.39,324.18,into,1
294,0.97601,324.63,324.39,me,1
295,1.0,326.16,325.8,hello,1
296,0.977049,329.459912,329.22,both,1
297,0.989992,329.79,329.459912,missing,1
298,0.418206,341.868662,341.522871,ah,1
299,0.91809,342.9,342.27,command,1
300,0.976835,343.11,342.9,high,1
301,0.875187,343.68,343.17,desert,1
302,0.851843,344.396631,344.220146,yeah,1
303,0.563133,344.608564,344.419395,seen,1
304,0.493655,344.79,344.608564,him,1
305,0.536406,348.151465,347.970879,i'm,1
306,0.594405,348.358154,348.151465,adding,1
307,0.978502,348.39,348.358154,a,1
308,0.978502,348.87,348.39,tribute,1
309,0.607997,348.96,348.87,and,1
310,1.0,349.35,348.96,so,1
311,0.71146,360.92625,360.6,harmonic,1
312,0.189285,361.38,360.93,unlocking,1
313,0.643471,363.789814,363.54,yeah,1
314,0.620995,364.139326,363.789814,was,1
315,1.0,364.68,364.158721,really,1
316,1.0,365.249883,364.68,aggressive,1
317,0.826183,365.879854,365.25,holy,1
318,0.928221,370.529736,370.05,ah,1
319,0.991625,370.89,370.53,lucky,1
320,0.715466,374.094023,373.77,as,1
321,0.859747,374.55,374.094023,actor,1
322,0.725874,376.290146,376.17,he's,1
323,0.708816,376.47,376.290146,trying,1
324,0.703331,376.524873,376.47,to,1
325,0.28799,376.71,376.524873,got,1
326,0.999182,377.01,376.712871,me,1
327,0.403331,378.85957,378.69,what,1
328,0.64873,378.990498,378.85957,do,1
329,0.542985,379.134346,378.990498,i,1
330,0.457887,380.518037,380.100937,do,1
331,0.584171,405.999346,405.897861,i,1
332,0.637068,406.5,406.089053,missing,1
333,0.560988,419.22,418.830029,nice,1
334,0.374859,420.442148,420.21,job,1
335,0.984465,420.9,420.442148,baby,1
336,0.421588,442.62,442.38,cause,1
337,0.641168,443.040645,442.620352,igniting,1
338,0.950183,443.100205,443.049287,a,1
339,0.469737,443.64,443.100205,functional,1
340,0.602223,444.779414,444.42,ah,1
341,0.819314,445.11,444.78082,bottle,1
342,0.933571,445.261172,445.110176,can,1
343,0.14142,445.41,445.261172,rip,1
344,0.389279,445.77,445.427227,connor,1
345,0.71627,446.059893,445.77,off,1
346,0.344788,446.174648,446.070088,on,1
347,0.221227,446.31,446.174648,gonna,1
348,0.919571,446.52,446.316504,try,1
349,1.0,446.61,446.522402,to,1
350,0.874626,446.79,446.61,come,1
351,1.0,447.12,446.79,down,1
352,0.991484,447.69,447.21,yeah,1
353,0.48205,449.247656,448.915195,really,1
354,0.986995,449.73,449.247656,aggressive,1
355,0.551083,450.359854,450.060059,yeah,1
356,0.648202,450.789053,450.635859,are,1
357,0.438636,451.2,450.873574,seen,1
358,0.957882,451.29,451.2,have,1
359,0.981548,451.59,451.29,seen,1
360,0.585284,454.859443,453.87,ah,1
361,0.375372,455.756572,455.34,bilateral,1
362,0.282386,456.064277,455.756572,solo,1
363,0.99979,456.300908,456.13834,should,1
364,0.914845,456.39,456.300908,have,1
365,0.507956,456.78,456.39,reunited,1
366,1.0,457.2,456.78,earlier,1
367,0.356026,460.933535,460.86,the,1
368,0.970418,461.639883,461.19,bargain,1
369,0.625674,462.118828,461.76,cover,1
370,0.480769,462.9,462.48,here,1
371,0.976326,472.319971,471.63,ah,1
372,0.845533,472.98,472.56,fuckin,1
373,0.998948,475.62,475.47,to,1
374,1.0,475.74,475.62,be,1
375,0.997715,476.039736,475.74,fair,1
376,0.54283,476.22,476.072754,is,1
377,0.974475,476.61,476.22,actually,1
378,1.0,476.97,476.61,five,1
379,0.932814,477.119766,476.97,and,1
380,0.812996,477.48,477.15,mundo,1
381,0.377043,477.840791,477.480146,savants,1
382,0.341869,477.959912,477.841904,it,1
383,0.638825,478.08,477.959912,all,1
384,0.761273,478.436602,478.084658,farming,1
385,0.963642,478.62,478.508877,which,1
386,0.989025,478.71,478.62,is,1
387,1.0,478.95,478.71,good,1
388,0.495012,481.166514,480.96,so,1
389,0.977266,481.41,481.2,like,1
390,0.241499,481.559766,481.44,we're,1
391,0.274613,481.739795,481.559766,not,1
392,0.679265,482.009004,481.766719,really,1
393,0.971681,482.25,482.01958,going,1
394,1.0,482.7,482.25,anywhere,1
395,1.0,483.12,482.73,so,1
396,0.349983,484.829912,484.47,casa,1
397,0.372223,484.94959,484.83,es,1
398,0.731679,485.37,484.94959,border,1
399,0.713722,486.51,486.27,ah,1
400,0.833296,486.839648,486.51,shit,1
401,0.928111,487.19915,486.839648,science,1
402,0.868194,487.319385,487.2,while,1
403,0.964263,487.56,487.319385,but,1
404,0.773892,488.01,487.8,then,1
405,0.974396,488.156104,488.010059,i,1
406,0.845788,488.28,488.159883,it's,1
407,0.982478,488.58,488.28,actually,1
408,0.965167,488.88,488.58,fine,1
409,0.451918,490.02,489.84,where,1
410,0.505474,490.17085,490.021436,is,1
411,0.425717,490.44,490.170967,the,1
412,0.275089,491.58,491.459736,has,1
413,0.986102,491.850176,491.580176,good,1
414,0.915933,493.08,492.87,oh,1
415,0.587711,493.44,493.08,zacks,1
416,0.529927,493.56,493.44,for,1
417,0.981386,493.74,493.560645,all,1
418,1.0,494.04,493.74,my,1
419,0.858043,494.37,494.04,work,1
420,0.732652,495.150176,495.030117,is,1
421,0.55356,495.297305,495.150176,but,1
422,0.726465,495.479707,495.297305,not,1
423,0.81004,495.720176,495.480293,right,1
424,0.881756,495.98959,495.720176,away,1
425,0.869948,496.167539,495.99,or,1
426,0.171974,496.47,496.179902,number,1
427,0.512065,497.07,496.570898,there,1
428,0.328839,497.61,497.100469,sir,1
429,0.987618,498.028242,497.76,quite,1
430,0.990026,498.058828,498.028242,a,1
431,1.0,498.6,498.06,party,1
432,0.308172,500.259961,500.173125,the,1
433,0.323012,500.418926,500.259961,way,1
434,0.327428,500.726953,500.418926,nowhere,1
435,0.278324,500.875078,500.73,to,1
436,0.205401,501.51,500.970117,stuff,1
437,0.439446,504.18,503.82,jarrett,1
438,1.0,504.36,504.182578,has,1
439,1.0,504.9,504.36,nothing,1
440,0.59821,505.74,505.200352,revenues,1
441,0.894998,506.19,505.74,everything,1
442,0.850761,506.4,506.221582,is,1
443,0.995232,506.58,506.4,here,1
444,0.994784,506.670352,506.58,in,1
445,0.97148,506.73,506.670352,the,1
446,1.0,507.15,506.73,bush,1
447,0.465751,510.539941,510.27,bless,1
448,0.494277,510.66,510.54,is,1
449,0.764944,510.809473,510.66,no,1
450,0.738074,511.05,510.809473,loyalty,1
451,0.75974,511.17,511.050762,as,1
452,1.0,511.47,511.17,well,1
453,0.515146,513.868828,513.600059,their,1
454,0.883757,514.34959,513.868828,privileges,1
455,0.892662,514.53,514.34959,get,1
456,1.0,514.768945,514.53,him,1
457,0.488118,516.157441,515.79,knife,1
458,0.681906,516.57,516.157441,flashed,1
459,0.804452,517.580918,517.26,past,1
460,0.433253,518.04,517.580918,dad,1
461,0.755786,519.09,518.611055,like,1
462,0.543991,521.67,521.580059,is,1
463,0.957694,521.88,521.670234,what,1
464,0.903064,522.3,521.88,alfie,1
465,0.484234,524.452969,524.16,yeah,1
466,0.220607,524.64041,524.562891,a,1
467,0.801706,525.15,524.67,good,1
468,0.754619,525.69,525.27,blitzes,1
469,0.818379,525.87,525.69,get,1
470,0.801512,526.26041,525.900234,massive,1
471,0.835437,526.378066,526.260762,and,1
472,0.309569,526.676953,526.378066,driven,1
473,0.363647,527.01,526.795723,well,1
474,0.946837,530.46,529.98,oh,1
475,0.492518,533.939883,533.73,see,1
476,0.636395,534.27,533.94,forget,1
477,0.845867,534.57,534.3,linda,1
478,0.549102,535.018945,534.57,t,1
479,0.356729,537.962344,537.54,mundus,1
480,0.300746,538.08,537.962344,to,1
481,0.304782,538.83,538.5,step,1
482,0.302305,539.07,538.83,up,1
483,0.54325,541.528125,541.351172,i,1
484,0.554813,541.65,541.528125,am,1
485,0.715613,541.70959,541.65,a,1
486,1.0,542.1,541.70959,missing,1
487,0.995795,543.359297,543.06,maybe,1
488,0.938764,543.807422,543.365156,around,1
489,0.925378,544.349473,544.14,don't,1
490,0.969045,544.65,544.349473,think,1
491,0.917153,545.91,545.28,driven,1
492,0.87544,547.053281,546.66,world,1
493,0.354536,547.47,547.053281,leo,1
494,0.891334,548.25,547.8,rob,1
495,0.884384,551.67,551.49,where,1
496,0.950574,551.94,551.670293,is,1
497,1.0,552.48,551.940293,jesus,1
498,1.0,553.02,552.48,christ,1
499,0.307444,554.67,554.579766,in,1
500,0.695723,555.059531,554.670352,roaming,1
501,1.0,555.42,555.059531,again,1
502,0.634069,556.196133,556.08,yeah,1
503,0.67597,556.260937,556.196133,i,1
504,0.682698,556.35,556.260937,was,1
505,0.910808,556.560059,556.35416,gonna,1
506,0.955283,556.92,556.560059,say,1
507,0.926497,558.15,557.97,yeah,1
508,0.417539,567.153691,566.85,berlin,1
509,0.288029,567.21,567.153691,a,1
510,0.580781,567.84,567.252715,bushnell,1
511,0.742341,569.37,568.920645,idea,1
512,0.383213,572.967598,572.882051,i,1
513,0.357499,573.24,573.132891,is,1
514,0.475761,573.39,573.24,all,1
515,0.408181,573.661055,573.390176,what,1
516,0.524252,573.810059,573.675234,it,1
517,0.92585,574.019941,573.839004,could,1
518,0.934252,574.08,574.02,be,1
519,1.0,574.5,574.081875,careful,1
520,0.66659,579.028828,577.92,janice,1
521,0.824262,579.449766,579.030293,reside,1
522,0.54405,579.57,579.450059,in,1
523,0.904436,580.137598,579.838125,them,1
524,0.96111,582.629883,582.36,where,1
525,0.99679,582.78,582.658945,is,1
526,0.966035,583.14,582.78,gone,1
527,0.808495,583.979941,583.71,just,1
528,0.508443,584.220703,583.979941,plain,1
529,0.305785,584.31041,584.220703,was,1
530,0.770427,584.55,584.313164,gonna,1
531,0.785515,584.790117,584.55,troll,1
532,0.458451,584.899863,584.790117,is,1
533,0.346456,585.18,584.999824,it,1
534,1.0,586.62,586.5,i,1
535,1.0,586.98,586.62,mean,1
536,0.419108,588.418535,588.15,zach,1
537,0.796044,588.51,588.42,is,1
538,0.433289,588.75,588.510176,might,1
539,0.562691,588.84,588.75,as,1
540,0.923394,589.2,588.84,well,1
541,0.708493,589.74,589.5,he's,1
542,0.971523,589.923867,589.74,doing,1
543,0.733689,590.130293,589.923867,great,1
544,0.480887,590.207227,590.130293,i,1
545,0.584757,590.661504,590.405742,have,1
546,0.87003,590.91,590.661504,really,1
547,0.870203,591.38918,590.91,diverse,1
548,0.955192,591.479062,591.38918,or,1
549,0.861648,591.69,591.48,some,1
550,0.860352,591.96,591.69,shit,1
551,0.38215,593.52,592.92,motherly,1
552,0.518017,594.389941,594.27,in,1
553,0.551341,594.806191,594.45,custody,1
554,0.627607,595.047539,594.899648,come,1
555,0.618208,595.135605,595.047539,in,1
556,0.975282,595.35,595.139766,again,1
557,0.533597,596.609707,596.34,ah,1
558,0.514979,597.15,596.67,nevermind,1
559,0.98598,598.956504,598.372793,oh,1
560,0.320953,599.49,599.31,god,1
561,0.702695,599.607305,599.51748,i,1
562,0.596362,599.82,599.611406,say,1
563,0.88423,600.0,599.822227,get,1
564,0.405034,600.170156,600.0,over,1
565,0.758283,600.39,600.170156,there,1
566,0.99885,601.979062,601.68,because,1
567,0.281394,602.070352,601.980527,the,1
568,0.245833,602.759883,602.589141,are,1
569,0.3668,625.465,625.289109,come,1
570,0.992436,627.595443,627.084041,novel,1
571,0.98454,628.015057,627.655059,oh,1
572,0.997524,628.134984,628.015057,my,1
573,0.994936,628.576843,628.134984,god,1
574,0.877012,629.335,629.035,can't,1
575,0.99776,629.545,629.335493,walk,1
576,1.0,629.753596,629.545,into,1
577,0.33587,630.325,629.755,stores,1
578,0.896237,630.505139,630.355,what,1
579,0.975165,630.564762,630.505139,do,1
580,1.0,630.625,630.564762,you,1
581,1.0,630.955,630.625,want,1
582,0.518295,635.965,635.875,i've,1
583,0.870244,636.145293,635.96511,got,1
584,0.795019,636.325,636.174886,ill,1
585,0.870353,636.565,636.325,do,1
586,0.993631,637.135,636.685,so,1
587,0.317252,641.155,640.917314,said,1
588,0.155718,651.620825,651.292612,like,1
589,0.178271,652.10897,651.79319,okay,1
590,0.345525,652.397104,652.179568,i,1
591,0.412658,652.585,652.465,was,1
592,0.999365,652.825,652.585022,gonna,1
593,0.92543,653.009307,652.825,say,1
594,0.527081,653.124868,653.009307,the,1
595,0.223755,653.633455,653.155,concentrate,1
596,0.784145,654.179299,653.683289,really,1
597,0.625872,654.445,654.179299,are,1
598,0.970238,657.535,656.545,ah,1
599,0.632841,657.744755,657.625,the,1
600,0.311554,658.015,657.744755,sun,1
601,0.652587,658.345,658.019457,real,1
602,0.81602,658.975,658.345,holy,1
603,0.404652,659.575,659.21318,ah,1
604,0.290983,660.715,660.325524,three,1
605,0.497195,661.488317,661.135,passes,1
606,0.402543,661.589175,661.495377,and,1
607,0.367822,661.644897,661.589175,the,1
608,0.20323,662.155,661.645,folsom,1
609,0.624813,671.870203,671.725,that's,1
610,0.935274,672.115,671.870203,actually,1
611,0.892828,672.355,672.115095,so,1
612,0.9621,672.745,672.355007,gay,1
613,1.0,678.325,677.545,perfect,1
614,0.861089,681.59875,681.429729,the,1
615,0.599247,681.854072,681.59875,oil,1
616,0.466925,682.555,682.465,as,1
617,0.488156,682.795,682.555652,well,1
618,0.812946,694.465007,694.315,i,1
619,0.775487,694.584832,694.465007,have,1
620,0.417771,694.915,694.585,tp,1
621,0.905647,695.034956,694.915015,and,1
622,0.97032,695.245,695.034956,eight,1
623,0.990221,695.365,695.245,and,1
624,0.994167,695.665,695.365,spell,1
625,0.806602,695.845,695.665,book,1
626,0.753483,696.445,695.846172,sorkin,1
627,0.999085,696.865,696.535,maybe,1
628,0.322391,697.075,696.865,t,1
629,0.987326,697.433945,697.077219,people,1
630,0.505528,697.755603,697.435,behind,1
631,0.976989,697.915,697.755603,them,1
632,0.665367,698.124934,697.975161,as,1
633,0.207199,698.634341,698.124934,fine,1
634,0.97285,699.349595,699.149292,the,1
635,0.510856,699.685,699.355,english,1
636,0.49015,699.992654,699.685,worry,1
637,0.314507,700.208345,700.011521,not,1
638,0.927758,700.555,700.288984,gonna,1
639,0.92293,700.885,700.555,royally,1
640,0.876931,701.095,700.885,will,1
641,0.998902,701.304854,701.095,go,1
642,0.353447,701.995,701.305366,nadia,1
643,0.516596,702.377258,702.158396,yeah,1
644,0.962584,702.685,702.505,gonna,1
645,0.908348,702.864143,702.685059,say,1
646,0.513276,703.077234,702.892891,getting,1
647,0.457802,703.290662,703.077234,real,1
648,0.63987,703.669902,703.375029,got,1
649,0.989661,704.035,703.675505,again,1
650,0.344849,712.438948,712.135,still,1
651,0.446293,712.675132,712.517588,so,1
652,0.281204,713.065,712.675132,soldiers,1
653,1.0,713.425,713.065,first,1
654,1.0,713.785,713.425,item,1
655,0.749783,715.045,714.835,well,1
656,0.324193,717.377844,717.235,he,1
657,0.21556,717.560005,717.377844,is,1
658,0.230186,717.629028,717.56834,a,1
659,0.342389,718.13344,717.818535,i,1
660,0.974673,721.105,720.835,yeah,1
661,0.833556,721.251829,721.105,who,1
662,0.925857,721.405696,721.251829,will,1
663,0.73839,721.554861,721.405696,do,1
664,0.999991,721.894243,721.584531,because,1
665,0.468358,722.185,721.894243,them,1
666,0.334668,723.174993,722.935,getting,1
667,0.364254,723.235,723.175,a,1
668,0.418222,723.595,723.295,atm,1
669,0.85162,723.775,723.595,it,1
670,0.158272,725.215,724.915,boom,1
671,0.881112,731.545,731.245,no,1
672,0.682868,731.755249,731.545,black,1
673,0.448822,732.205,731.755396,shield,1
674,1.0,736.885,736.495,oh,1
675,1.0,737.185,736.885,my,1
676,1.0,737.905,737.215,god,1
677,0.636294,740.313291,740.065,why,1
678,0.429978,740.871763,740.753564,do,1
679,0.41557,740.965732,740.905205,you,1
680,0.767732,741.144897,740.965732,think,1
681,0.29193,741.325469,741.163018,know,1
682,0.554486,741.475,741.325469,it,1
683,0.428936,742.761147,742.585044,and,1
684,0.665643,743.065,742.761147,that,1
685,0.428482,743.658467,743.185044,explains,1
686,0.224066,744.073896,743.987207,a,1
687,0.874299,745.254326,744.745,actually,1
688,0.542134,745.495,745.254326,and,1
689,0.601551,748.789009,748.495908,yeah,1
690,1.0,749.395,748.859453,focusing,1
691,1.0,749.605,749.395,so,1
692,0.999918,749.905791,749.605,hard,1
693,0.967511,750.030361,749.905791,on,1
694,0.535041,750.115,750.030361,the,1
695,0.996046,750.265015,750.145,on,1
696,0.995224,750.325,750.265015,the,1
697,0.933393,750.505,750.325,bot,1
698,0.944551,750.835,750.505527,lane,1
699,0.688957,752.215,751.615,serena,1
700,0.605509,755.332393,754.755566,food,1
701,0.565529,755.605015,755.425029,too,1
702,0.784682,756.904902,756.715,do,1
703,0.946524,757.044751,756.904902,do,1
704,0.97495,757.194707,757.044751,do,1
705,0.964969,757.344634,757.194707,do,1
706,0.957926,757.494619,757.344634,do,1
707,0.950129,757.644604,757.494619,do,1
708,0.943956,757.794268,757.644604,do,1
709,0.928722,757.914268,757.794268,do,1
710,0.913256,758.185,757.914268,do,1
711,1.0,759.805,759.625,i,1
712,0.993851,760.197183,759.805,fear,1
713,0.788602,760.393838,760.197183,this,1
714,1.0,760.581748,760.393838,is,1
715,1.0,760.825,760.585,gonna,1
716,1.0,760.915,760.825,have,1
717,1.0,761.065,760.915,to,1
718,1.0,761.275044,761.065,come,1
719,0.997253,761.480693,761.275044,to,1
720,0.416536,761.575,761.485,our,1
721,0.939633,761.845,761.588301,game,1
722,0.532735,762.115,761.846714,too,1
723,0.98489,763.372729,763.135,yeah,1
724,0.83673,763.40459,763.372729,i,1
725,0.948942,764.065,763.885,think,1
726,0.938408,764.365,764.06519,so,1
727,1.0,766.375,765.985,believe,1
728,0.955873,766.510762,766.375,me,1
729,0.995352,766.975,766.554971,believe,1
730,0.973787,768.655044,768.385,among,1
731,0.912678,768.985,768.677896,way,1
732,0.30067,769.513809,769.405,they,1
733,0.451814,769.585059,769.513809,you,1
734,0.983102,769.705,769.585132,can,1
735,0.894366,770.006289,769.705015,defend,1
736,0.814743,770.304897,770.006289,this,1
737,0.99832,771.115,770.845,gonna,1
738,0.717989,771.295,771.115,turn,1
739,0.736246,771.415,771.295,it,1
740,0.520641,771.535,771.415,off,1
741,1.0,781.525,781.165,oh,1
742,1.0,781.855,781.525,my,1
743,1.0,782.425,781.915,god,1
744,0.710294,783.594575,783.205615,point,1
745,0.431029,784.615,783.835,cab,1
746,1.0,785.275,785.095,on,1
747,1.0,785.395,785.275,my,1
748,0.999014,785.60563,785.395,way,1
749,0.435386,788.155,787.495,tourists,1
750,0.411166,788.935161,788.875161,are,1
751,0.986534,789.055,788.952329,you,1
752,0.593759,789.341743,789.055396,gonna,1
753,0.969251,791.245,790.705,flushed,1
754,0.995671,794.575,794.245,and,1
755,0.832258,794.694912,794.575,he,1
756,0.561041,794.935,794.695,flat,1
757,0.451112,795.109565,794.935,out,1
758,0.404212,795.535,795.109565,flesh,1
759,0.591846,806.21396,805.945,can,1
760,0.707049,806.2952,806.21396,i,1
761,0.212438,806.4429,806.2952,die,1
762,0.576918,806.665,806.4429,just,1
763,0.999897,807.145,806.677773,damage,1
764,0.980534,807.381719,807.145,per,1
765,0.9941,807.655,807.385117,oh,1
766,1.0,807.895,807.655,my,1
767,1.0,808.255,807.895,god,1
768,1.0,808.375,808.255,he,1
769,0.486214,808.825,808.375,heads,1
770,0.598847,816.355425,815.998267,madden,1
771,0.783385,816.595,816.355425,top,1
772,0.627428,818.245,818.089814,what,1
773,0.958529,818.334985,818.245,we,1
774,1.0,818.515,818.334985,can,1
775,1.0,818.695,818.515,do,1
776,0.961032,818.995,818.695,there,1
777,0.65566,828.535,828.415,i,1
778,0.645872,828.745,828.535,wrote,1
779,0.830431,829.044971,828.745,might,1
780,0.287607,829.405,829.106465,here,1
781,0.608203,829.645,829.465,on,1
782,0.669877,829.885,829.645,out,1
783,0.674941,831.475,831.085,now,1
784,0.625409,833.065,832.495,suppose,1
785,0.958879,849.205,849.0879,it,1
786,0.952887,849.355,849.205,is,1
787,0.783466,849.565,849.355,high,1
788,0.725477,849.893975,849.565176,morale,1
789,0.311631,866.334736,866.200117,you,1
790,0.997318,866.575,866.334736,gonna,1
791,0.851105,866.875059,866.575,flush,1
792,0.642519,867.052246,866.875059,now,1
793,0.54458,867.145,867.052363,is,1
794,1.0,867.558818,867.145,also,1
795,0.991841,867.894355,867.625,look,1
796,0.87769,868.405,867.925,american,1
797,0.986527,868.615,868.405029,look,1
798,0.985324,868.855,868.615,here,1
799,0.424205,869.135049,869.005,are,1
800,0.262628,869.425,869.274707,ah,1
801,0.991068,877.3075,876.985,yeah,1
802,0.611149,877.608643,877.495,and,1
803,0.787613,877.855,877.608643,ten,1
804,0.60814,879.62415,879.472832,here,1
805,0.810772,879.775264,879.62415,who,1
806,0.631008,880.075,879.775264,three,1
807,0.520138,882.775,882.505,zak,1
808,0.849084,883.043623,882.775,says,1
809,0.85038,883.615,883.043623,accepted,1
810,1.0,884.035,883.645,christ,1
811,0.481803,887.005,886.705,grave,1
812,0.582302,887.296094,887.069658,just,1
813,1.0,887.814971,887.458164,like,1
814,1.0,888.474971,888.115,fifty,1
815,0.967581,888.714824,888.475,percent,1
816,0.430222,888.876396,888.715,away,1
817,0.565463,889.015,888.876396,way,1
818,0.995685,889.134941,889.015,to,1
819,0.999999,889.255059,889.134941,be,1
820,0.502521,889.41168,889.255059,with,1
821,0.659093,891.025,890.815,ah,1
822,0.565572,892.735,892.075,zucker,1
823,0.609193,894.684326,894.535,i've,1
824,0.67583,894.870127,894.684326,got,1
825,0.298628,895.134209,894.870127,within,1
826,0.999964,895.435,895.134209,five,1
827,0.622238,895.622471,895.435,maybe,1
828,0.634865,895.914941,895.712822,looked,1
829,0.763086,896.365,895.919512,engage,1
830,0.270045,898.191865,897.747549,a,1
831,0.45252,898.704648,898.363311,tax,1
832,0.722177,898.97459,898.704648,here,1
833,0.360103,899.244736,899.124971,and,1
834,0.722599,899.425,899.244736,got,1
835,0.550408,899.665,899.425,old,1
836,0.235109,900.051865,899.843887,road,1
837,0.740986,900.295,900.051865,break,1
838,0.891965,900.445,900.295,but,1
839,0.897826,900.792051,900.446934,sex,1
840,0.445174,901.255,900.792051,spree,1
841,0.343682,902.634648,902.515,but,1
842,0.510978,902.695,902.635,ah,1
843,0.839813,902.843916,902.695088,no,1
844,1.0,903.355,902.843916,worries,1
845,1.0,905.335,905.005,yeah,1
846,0.954502,905.485,905.335,this,1
847,0.940775,905.755,905.485,guy's,1
848,0.970048,905.995,905.755029,already,1
849,1.0,906.265,905.995,got,1
850,0.999667,906.722705,906.355,three,1
851,0.648511,906.835,906.722705,at,1
852,0.961622,907.795,907.045,times,1
853,0.602926,910.044443,909.745,oh,1
854,0.579434,910.457236,910.075,there's,1
855,0.463946,910.51835,910.457236,a,1
856,0.565911,910.975,910.51835,sec,1
857,0.443113,913.285,913.045,ugh,1
858,0.91484,919.226816,918.925,i,1
859,0.535684,919.562998,919.226816,swear,1
860,0.297483,919.765293,919.645,at,1
861,0.759274,919.915,919.76541,him,1
862,0.584729,920.124678,919.915,put,1
863,0.669837,920.275,920.125,on,1
864,0.385128,921.535,921.385,her,1
865,0.732615,921.744766,921.535117,get,1
866,0.677411,921.864883,921.745,him,1
867,0.698433,922.165,921.864883,but,1
868,0.451423,922.675,922.525,the,1
869,0.346704,923.094297,922.682676,raise,1
870,0.894898,923.305,923.094297,their,1
871,0.796511,923.523672,923.305,way,1
872,0.380949,923.72415,923.523672,in,1
873,0.544443,932.815,932.575,ah,1
874,0.542326,933.175,932.930225,because,1
875,0.990774,933.595,933.175146,passive,1
876,0.601201,938.093711,937.615,correction,1
877,0.52912,938.665,938.12585,ah,1
878,0.669405,940.225,939.822314,my,1
879,0.996914,940.945,940.315088,god,1
880,1.0,941.875,941.215,really,1
881,0.28287,943.275127,942.895,outside,1
882,0.337303,943.465,943.275127,side,1
883,0.961882,943.825,943.465,guy,1
884,0.543382,946.499189,946.315117,yeah,1
885,0.262935,946.885,946.499189,uncommon,1
886,0.418931,961.392197,961.105,dr,1
887,0.280723,961.645117,961.585146,you,1
888,0.723811,961.825,961.647842,miss,1
889,0.993986,962.095,961.827578,me,1
890,0.495462,968.965996,968.801641,come,1
891,0.463178,969.145,968.965996,in,1
892,0.343479,972.145322,972.085,i,1
893,0.634029,972.325,972.145322,don't,1
894,0.608464,972.540391,972.325,even,1
895,0.444327,972.895,972.540391,note,1
896,0.978511,973.674561,973.291914,number,1
897,0.649346,973.975,973.675,cannot,1
898,0.400988,975.067715,974.875,wait,1
899,0.633315,975.264297,975.067715,wait,1
900,0.490915,975.487393,975.385,on,1
901,0.671081,975.614775,975.487393,it,1
902,0.176265,981.774092,981.385,chen,1
903,0.97562,981.985,981.777109,might,1
904,0.998982,982.165117,981.985,come,1
905,0.642635,982.341338,982.165117,in,1
906,0.79153,983.035,982.797812,look,1
907,0.522839,983.184971,983.035,in,1
908,0.694545,983.574854,983.335,touch,1
909,1.0,983.694678,983.577607,you,1
910,0.999615,983.845,983.695,can,1
911,0.690725,984.054971,983.845,check,1
912,0.982147,984.144795,984.055,it,1
913,0.883086,984.324971,984.144912,out,1
914,0.126094,984.715,984.355,jeter,1
915,0.956498,986.335,985.745225,income,1
916,0.338734,988.465527,988.195,lost,1
917,0.712654,988.795,988.465527,grown,1
918,0.807373,990.625,989.938574,ah,1
919,0.829541,991.225,990.925,yes,1
920,0.665781,993.295,993.175,he,1
921,0.50441,993.468467,993.295,got,1
922,0.258311,993.715352,993.482881,to,1
923,0.533071,994.224766,994.165,i,1
924,0.538274,994.311836,994.224766,was,1
925,0.825196,994.495,994.311836,gonna,1
926,0.541067,994.944121,994.499277,save,1
927,0.522197,998.034414,997.825,ah,1
928,0.99313,998.425,998.035,nice,1
929,0.332005,999.655908,999.235,palm,1
930,0.590168,999.895937,999.685,there,1
931,0.512425,1000.195,999.895937,but,1
932,0.998334,1000.344971,1000.255,at,1
933,1.0,1000.765,1000.344971,least,1
934,1.0,1001.305,1000.885,maybe,1
935,0.789268,1002.863711,1002.715,they,1
936,0.744632,1002.985,1002.863711,get,1
937,0.433842,1003.165,1002.985,him,1
938,0.989674,1003.915264,1003.645,yeah,1
939,0.97848,1004.305,1003.915557,nice,1
940,0.339058,1005.505,1004.85543,side,1
941,0.791126,1008.835,1008.505,ah,1
942,0.934196,1010.545,1010.365,how,1
943,0.941674,1010.784883,1010.545,does,1
944,0.999836,1011.055,1010.785117,huge,1
945,0.999519,1011.534912,1011.055,actually,1
946,0.459246,1012.764209,1012.645381,i,1
947,0.626835,1013.095,1012.855,actually,1
948,0.868523,1013.335,1013.095,just,1
949,0.995157,1013.694326,1013.335,actually,1
950,0.924428,1013.874912,1013.694912,got,1
951,0.33846,1014.205,1013.875205,form,1
952,0.382309,1014.325586,1014.239893,is,1
953,0.417003,1014.406797,1014.325586,a,1
954,0.99965,1014.715,1014.464775,really,1
955,0.988645,1014.985,1014.715,good,1
956,0.739503,1015.255,1015.075,ass,1
957,1.0,1015.555,1015.255,really,1
958,0.999497,1015.675,1015.555,good,1
959,1.0,1016.005,1015.675,actually,1
960,0.745982,1016.453447,1016.305,he,1
961,0.355457,1016.515322,1016.455029,i,1
962,0.228069,1016.723682,1016.515322,should,1
963,0.239534,1016.995,1016.725,answer,1
964,0.514108,1032.65043,1032.108232,ah,1
965,0.591009,1034.357588,1033.530537,lana,1
966,0.784209,1040.365,1039.945088,death,1
967,0.438051,1040.536768,1040.365,for,1
968,0.632658,1040.87418,1040.575,kill,1
969,1.0,1041.505,1040.886016,ratio,1
970,0.996369,1042.075,1041.595,down,1
971,0.597395,1045.585,1045.316729,am,1
972,0.990491,1045.824707,1045.679336,a,1
973,0.999611,1046.005,1045.824795,win,1
974,0.999656,1046.125,1046.005,is,1
975,0.999999,1046.185,1046.125,a,1
976,0.999913,1046.545,1046.185,win,1
977,0.999427,1047.056318,1046.875,if,1
978,0.504248,1047.139609,1047.056318,we,1
979,0.987961,1047.235,1047.139609,can,1
980,0.999967,1047.415469,1047.235352,get,1
981,0.957373,1047.535,1047.415469,it,1
982,0.53328,1048.328271,1047.535,sure,1
983,0.429239,1049.575,1049.365,ah,1
984,0.988532,1049.844941,1049.695498,i,1
985,0.995579,1049.995,1049.845205,was,1
986,1.0,1050.205,1049.995,not,1
987,0.632357,1050.29875,1050.215342,a,1
988,0.58271,1051.015,1050.299746,guy,1
989,0.618721,1051.705,1051.555,who,1
990,0.413924,1052.095,1051.705088,job,1
991,0.598482,1053.085059,1052.815205,often,1
992,0.494277,1053.261572,1053.085059,does,1
993,0.275688,1053.385,1053.264941,if,1
994,0.726791,1053.475967,1053.385234,i,1
995,0.359765,1053.745996,1053.475967,jotted,1
996,0.460386,1053.921367,1053.745996,down,1
997,0.305873,1054.315,1053.93127,well,1
998,0.999898,1055.335,1054.645,exactly,1
999,0.567844,1055.603682,1055.461299,they,1
1000,0.562614,1055.810547,1055.715244,will,1
1001,0.484675,1056.114941,1055.814766,release,1
1002,0.988061,1056.175,1056.114941,you,1
1003,0.940598,1056.325,1056.175059,got,1
1004,0.824302,1056.565,1056.355,all,1
1005,0.333435,1056.715,1056.565,their,1
1006,0.724335,1056.925,1056.726865,shit,1
1007,0.528133,1057.104912,1056.925,down,1
1008,0.600668,1057.285,1057.105088,right,1
1009,0.994995,1057.465,1057.285,then,1
1010,0.580339,1058.545,1058.245,yeah,1
1011,0.989808,1059.387695,1059.265,i,1
1012,0.428798,1059.535293,1059.387695,say,1
1013,0.840687,1059.595234,1059.535293,we,1
1014,0.911556,1059.745615,1059.595381,just,1
1015,0.899545,1059.900361,1059.745615,leave,1
1016,0.296056,1060.028945,1059.900361,this,1
1017,0.292594,1060.405,1060.028945,straggly,1
1018,0.700242,1060.853623,1060.413906,destruct,1
1019,0.766737,1060.945,1060.855,is,1
1020,0.961311,1061.065,1060.945,no,1
1021,0.996844,1061.304092,1061.065,point,1
1022,0.865812,1061.484004,1061.306025,my,1
1023,0.608468,1061.574355,1061.484004,i,1
1024,0.962893,1061.725,1061.574854,we,1
1025,1.0,1061.904473,1061.725,have,1
1026,0.966239,1062.264531,1061.905527,first,1
1027,0.997348,1062.63376,1062.264531,strike,1
1028,0.519088,1063.241787,1063.010313,hang,1
1029,0.767149,1063.336387,1063.241787,in,1
1030,0.806357,1063.615,1063.344883,early,1
1031,0.834038,1064.124883,1063.945,on,1
1032,0.630778,1064.274883,1064.125,there,1
1033,0.980068,1064.425,1064.335,is,1
1034,0.943039,1064.575352,1064.425176,not,1
1035,0.21472,1064.695,1064.575352,they're,1
1036,0.462419,1064.935,1064.697139,stuck,1
1037,0.740493,1065.943779,1065.597344,coming,1
1038,0.720986,1066.106113,1065.955469,from,1
1039,0.468105,1066.195,1066.106113,an,1
1040,0.319885,1066.495,1066.195,unknown,1
1041,0.575018,1067.956621,1067.742988,my,1
1042,0.172525,1068.685,1067.956621,liar,1
1043,0.179557,1069.885,1069.554883,dr,1
1044,0.251344,1069.975322,1069.885469,an,1
1045,0.60879,1070.905,1070.514297,lee,1
1046,1.0,1071.955,1071.685,yeah,1
1047,1.0,1072.285,1071.985,he's,1
1048,1.0,1072.465,1072.315,he's,1
1049,1.0,1072.825,1072.465,got,1
1050,0.941413,1073.005,1072.945,a,1
1051,0.784354,1073.500381,1073.005,collector,1
1052,0.286032,1073.605,1073.515,as,1
1053,0.329359,1073.875,1073.605059,well,1
1054,0.787253,1073.995,1073.875,and,1
1055,0.95904,1074.145,1074.025,he's,1
1056,0.914175,1074.521729,1074.146025,gonna,1
1057,0.555245,1074.719395,1074.535,be,1
1058,0.2008,1075.015,1074.820645,saw,1
1059,0.537986,1075.202412,1075.050508,to,1
1060,0.549845,1075.285,1075.202412,you,1
1061,0.69572,1075.585,1075.285029,saw,1
1062,0.887778,1076.125,1075.975,he's,1
1063,0.999835,1076.335,1076.125,gonna,1
1064,0.797316,1076.695,1076.335,hat,1
1065,0.910491,1077.295,1077.205,a,1
1066,0.931268,1077.625,1077.295,scarf,1
1067,0.64125,1077.832129,1077.625176,my,1
1068,0.544488,1077.955,1077.832129,he,1
1069,0.660477,1078.495,1077.960273,prefers,1
1070,0.998162,1078.884414,1078.495,well,1
1071,0.555561,1079.454971,1079.275,she,1
1072,0.550432,1079.605,1079.455,was,1
1073,0.933056,1080.085088,1079.635146,perfectly,1
1074,0.929514,1080.505,1080.085088,tranquil,1
1075,0.355565,1080.865,1080.505117,better,1
1076,0.479651,1081.073682,1080.865,but,1
1077,0.99205,1081.915,1081.645,still,1
1078,0.676921,1082.117002,1081.915,got,1
1079,0.517045,1082.185,1082.117002,to,1
1080,0.815533,1082.395205,1082.185,knock,1
1081,0.60206,1082.605,1082.395205,upon,1
1082,1.0,1082.815,1082.605,me,1
1083,0.710169,1086.989453,1086.457012,now,1
1084,0.995454,1088.604443,1088.245117,yeah,1
1085,0.822991,1088.634121,1088.604443,i,1
1086,0.980499,1088.90459,1088.634707,wanted,1
1087,1.0,1088.995,1088.90459,to,1
1088,0.908096,1089.205,1088.995,do,1
1089,0.935935,1090.645,1090.435,what,1
1090,0.88979,1090.795,1090.645,i,1
1091,0.521635,1090.92584,1090.795234,can,1
1092,0.988599,1091.009775,1090.92584,i,1
1093,0.747654,1091.215,1091.035,have,1
1094,0.853686,1091.425,1091.215,two,1
1095,0.921581,1091.99166,1091.425762,friends,1
1096,0.465645,1092.445,1091.995,land,1
1097,0.477439,1094.185879,1093.735,maximum,1
1098,0.303265,1094.575,1094.185879,span,1
1099,0.33333,1095.265,1094.995,know,1
1100,0.58877,1096.647637,1096.435,there,1
1101,0.509035,1096.704941,1096.647637,are,1
1102,1.0,1097.005,1096.704941,around,1
1103,1.0,1097.24541,1097.005,here,1
1104,0.625013,1097.339863,1097.24541,and,1
1105,0.311871,1097.811426,1097.339863,children,1
1106,0.217277,1098.535,1097.938047,boots,1
1107,0.892104,1099.272285,1098.806992,yeah,1
1108,0.620402,1112.245,1112.15875,i,1
1109,1.0,1112.455,1112.256367,said,1
1110,0.95971,1112.640332,1112.455,if,1
1111,0.975581,1112.845,1112.685098,if,1
1112,0.234097,1113.20207,1112.845,monaco,1
1113,0.802353,1113.355,1113.214961,get,1
1114,0.939166,1113.745,1113.355352,tanking,1
1115,0.517545,1113.865,1113.745,up,1
1116,0.967334,1114.165,1113.869336,then,1
1117,1.0,1115.125,1114.825,maybe,1
1118,0.999178,1115.245,1115.125,we,1
1119,1.0,1115.545,1115.245,can,1
1120,0.907959,1120.795,1120.615,think,1
1121,0.907959,1120.975,1120.795,any,1
1122,0.857678,1121.395,1120.975,fair,1
1123,0.612726,1122.533418,1122.235,the,1
1124,0.304653,1122.985,1122.565,combat,1
1125,0.332471,1123.165,1122.985,it,1
1126,0.214623,1130.575,1130.245,dream,1
1127,0.455243,1131.055,1130.575059,flesh,1
1128,0.911715,1131.834941,1131.385059,yeah,1
1129,0.420403,1132.404941,1132.045,larry,1
1130,0.418456,1132.575391,1132.411504,will,1
1131,0.142351,1132.891035,1132.575391,include,1
1132,0.490467,1132.923555,1132.891035,a,1
1133,0.999976,1133.215,1132.945,good,1
1134,0.999455,1134.415,1134.145,girl,1
1135,0.968084,1134.535,1134.415,and,1
1136,0.490549,1135.272695,1134.578887,eyes,1
1137,0.335019,1135.945,1135.555059,hockey,1
1138,0.417798,1136.431855,1135.947227,beautiful,1
1139,0.216475,1136.654512,1136.431855,funny,1
1140,0.412151,1137.145059,1136.725176,harold,1
1141,0.653554,1137.535,1137.205,dead,1
1142,0.580786,1138.015,1137.535059,boys,1
1143,0.489611,1138.795,1138.326074,eat,1
1144,0.761686,1142.635,1142.305,figure,1
1145,0.999841,1142.785,1142.635293,on,1
1146,0.446503,1142.964941,1142.785,get,1
1147,0.401271,1143.175,1143.013691,their,1
1148,0.923063,1143.384883,1143.177109,old,1
1149,0.945872,1143.475,1143.384883,and,1
1150,1.0,1143.775352,1143.475,somebody,1
1151,0.757348,1143.985059,1143.775352,push,1
1152,0.722765,1144.225,1143.985059,mid,1
1153,0.996234,1144.931699,1144.555,yeah,1
1154,0.524583,1145.408066,1144.945117,another,1
1155,0.407221,1145.664766,1145.440469,look,1
1156,0.394685,1145.755059,1145.664766,can,1
1157,0.648555,1145.905,1145.763496,just,1
1158,0.550069,1146.054531,1145.905,go,1
1159,0.555834,1146.385,1146.054531,on,1
1160,0.685049,1146.624824,1146.445,the,1
1161,0.260136,1146.96291,1146.90291,to,1
1162,0.56391,1147.066445,1146.985352,i'm,1
1163,0.77623,1147.225,1147.069785,gonna,1
1164,0.940895,1147.465,1147.229102,stop,1
1165,0.927663,1147.735,1147.46541,cause,1
1166,0.93571,1148.002598,1147.915,i,1
1167,0.796725,1148.15418,1148.00418,don't,1
1168,0.945225,1148.305,1148.155117,he's,1
1169,0.995933,1148.485,1148.305,gonna,1
1170,0.754563,1148.732266,1148.485059,push,1
1171,0.331504,1148.905,1148.732266,you,1
1172,0.624776,1150.076758,1149.985469,i'm,1
1173,0.701071,1150.30709,1150.076758,coming,1
1174,0.595444,1150.392695,1150.30709,and,1
1175,0.31367,1150.515273,1150.398965,i'm,1
1176,1.0,1150.705,1150.530508,from,1
1177,1.0,1150.825,1150.705,the,1
1178,0.993513,1150.975,1150.825,other,1
1179,0.99245,1151.275,1150.975,side,1
1180,0.268859,1152.836875,1152.655,more,1
1181,0.619051,1153.074648,1152.975332,i,1
1182,0.635473,1153.315,1153.07916,take,1
1183,0.60974,1153.645,1153.315,arab,1
1184,0.535547,1155.775,1155.001094,ireland,1
1185,0.407703,1157.511602,1156.997324,girly,1
1186,0.915922,1157.897324,1157.511602,girl,1
1187,1.0,1158.325,1158.175,at,1
1188,1.0,1158.535,1158.325,least,1
1189,1.0,1158.871738,1158.535,something,1
1190,0.400811,1159.075,1158.871738,good,1
1191,0.892806,1159.576094,1159.315,yeah,1
1192,0.509009,1159.602051,1159.577617,i,1
1193,0.431956,1159.671836,1159.602051,was,1
1194,0.69329,1159.852129,1159.671836,gonna,1
1195,0.877459,1160.004824,1159.852129,say,1
1196,0.312006,1160.215,1160.004824,stick,1
1197,0.581563,1160.545,1160.23293,out,1
1198,0.642626,1163.155,1162.915,ah,1
1199,0.999651,1163.275,1163.164668,you,1
1200,0.446115,1163.455,1163.275,come,1
1201,0.469231,1163.605,1163.461797,for,1
1202,0.64309,1163.935,1163.819277,he,1
1203,0.792221,1164.625,1163.940801,sexually,1
1204,0.429533,1166.004883,1165.885,but,1
1205,0.62283,1166.093945,1166.014492,you,1
1206,0.792538,1166.245,1166.097578,get,1
1207,0.978664,1166.335176,1166.245,on,1
1208,0.966839,1166.4475,1166.335176,the,1
1209,0.709937,1167.304609,1166.455293,oil,1
1210,0.372811,1167.805,1167.304609,boy,1
1211,0.416183,1169.035176,1168.885,when,1
1212,0.249397,1169.153652,1169.036055,they,1
1213,0.248045,1169.515,1169.155762,scrub,1
1214,0.162257,1170.535,1170.235,oak,1
1215,0.66878,1171.314648,1171.159023,got,1
1216,0.628425,1171.344648,1171.314648,a,1
1217,0.692789,1171.465,1171.344648,good,1
1218,0.403427,1171.855,1171.465938,flesh,1
1219,0.810775,1172.583086,1172.425,oh,1
1220,1.0,1173.985,1173.535,jesus,1
1221,1.0,1174.435,1173.985,christ,1
1222,0.343308,1175.245,1174.885,eyes,1
1223,0.477815,1175.395879,1175.245,which,1
1224,0.642634,1175.455,1175.395879,a,1
1225,0.988581,1175.905059,1175.455176,species,1
1226,0.908078,1176.10627,1175.905059,is,1
1227,0.422021,1176.563418,1176.115,gonna,1
1228,0.67623,1176.984297,1176.625,like,1
1229,0.467668,1177.072363,1176.986289,i'm,1
1230,0.823128,1177.373594,1177.072363,gonna,1
1231,0.969118,1177.557871,1177.373594,gonna,1
1232,0.974079,1177.737109,1177.558164,gonna,1
1233,0.920827,1177.865488,1177.737109,gonna,1
1234,0.836025,1178.065,1177.865488,gonna,1
1235,0.806032,1181.874941,1181.545,yeah,1
1236,0.509538,1182.296934,1181.935,german,1
1237,0.233944,1182.805,1182.418457,camp,1
1238,0.997633,1184.365,1184.275,i,1
1239,1.0,1184.575,1184.365059,got,1
1240,1.0,1184.905,1184.575,twelve,1
1241,0.933188,1185.175,1184.905,hundred,1
1242,1.0,1185.505,1185.175,damage,1
1243,1.0,1185.655,1185.505,from,1
1244,0.987617,1186.045,1185.655,this,1
1245,0.542098,1186.495,1186.195,guilty,1
1246,0.997614,1186.915,1186.50373,tower,1
1247,1.0,1187.994766,1187.665117,yeah,1
1248,0.995377,1188.355,1187.995,nice,1
1249,0.887817,1188.603496,1188.385,pretty,1
1250,0.680234,1188.985,1188.603496,disgusting,1
1251,0.780683,1189.255,1189.165,a,1
1252,0.551154,1189.555,1189.255117,bucket,1
1253,0.788801,1189.915,1189.555,full,1
1254,0.966268,1190.42459,1189.945,custody,1
1255,0.500608,1191.414766,1191.025,imagine,1
1256,0.71207,1191.725312,1191.638125,it,1
1257,0.695115,1191.859961,1191.744766,up,1
1258,0.705912,1191.955,1191.865,as,1
1259,0.980137,1192.135527,1191.955117,well,1
1260,0.572284,1192.285,1192.135527,well,1
1261,0.661928,1192.615,1192.288809,played,1
1262,0.990243,1192.826641,1192.615,with,1
1263,0.954768,1193.005,1192.826641,it,1
1264,0.990626,1193.185,1193.065,the,1
1265,0.999257,1193.605,1193.185,munchkins,1
1266,0.950286,1193.695,1193.605,i,1
1267,0.671066,1193.847461,1193.695,can,1
1268,0.941585,1194.054707,1193.847461,do,1
1269,0.635391,1198.812812,1198.555469,i,1
1270,1.0,1199.124941,1198.812812,i,1
1271,0.976077,1199.400801,1199.124941,am,1
1272,0.826763,1199.665,1199.425059,i'm,1
1273,0.998882,1200.085,1199.665,decently,1
1274,0.999633,1200.295,1200.085,big,1
1275,0.952936,1200.470313,1200.295,now,1
1276,0.999736,1200.655,1200.480566,got,1
1277,0.973357,1200.775,1200.655,my,1
1278,0.977428,1201.076055,1200.775,first,1
1279,0.367351,1201.312598,1201.106875,tick,1
1280,0.769308,1201.502148,1201.312598,took,1
1281,0.447468,1201.762715,1201.58916,to,1
1282,0.342109,1201.889219,1201.766641,i'm,1
1283,0.76152,1202.122832,1201.97541,not,1
1284,0.773339,1202.305,1202.122832,going,1
1285,0.880036,1202.365,1202.305,to,1
1286,0.969488,1202.604238,1202.365,play,1
1287,0.705469,1202.724297,1202.606992,i,1
1288,0.448676,1202.965234,1202.725117,nearly,1
1289,0.592348,1203.145,1202.966172,have,1
1290,0.442649,1203.265,1203.145,my,1
1291,0.487932,1203.835,1203.385,owners,1
1292,0.879494,1204.135,1203.955,then,1
1293,1.0,1204.255,1204.135,i'll,1
1294,1.0,1204.375,1204.255,be,1
1295,1.0,1204.675,1204.375,fine,1
1296,0.266368,1205.159336,1205.005,i'm,1
1297,0.6117,1205.558887,1205.442988,it,1
1298,0.592398,1205.664531,1205.575,will,1
1299,0.973074,1205.814941,1205.664531,make,1
1300,0.537516,1205.921348,1205.84377,a,1
1301,0.589557,1206.176113,1205.921348,massive,1
1302,0.457694,1206.535,1206.176113,comeback,1
1303,0.560388,1206.775,1206.540098,south,1
1304,0.561282,1207.074941,1206.775117,africa,1
1305,0.581755,1207.31377,1207.074941,when,1
1306,0.415318,1207.765,1207.375,deputy,1
1307,0.452106,1207.896836,1207.765586,with,1
1308,0.384584,1207.994688,1207.896836,have,1
1309,0.335989,1208.331836,1207.994688,winner,1
1310,0.868977,1208.994121,1208.875,as,1
1311,0.882952,1209.114824,1208.994121,long,1
1312,0.883878,1209.174824,1209.114824,as,1
1313,0.975725,1209.235,1209.175,you,1
1314,0.998654,1209.415,1209.235,don't,1
1315,0.540008,1209.774824,1209.415,chase,1
1316,0.903363,1210.255,1210.015,go,1
1317,0.903363,1210.404297,1210.255,for,1
1318,0.928182,1210.885,1210.404297,objectives,1
1319,0.720209,1212.745,1212.025477,jonas,1
1320,0.896487,1213.254933,1213.015,some,1
1321,0.32251,1213.675,1213.254933,media,1
1322,0.253992,1213.986549,1213.855,will,1
1323,0.487914,1214.334608,1214.127733,to,1
1324,1.0,1214.605,1214.334608,watch,1
1325,1.0,1214.815,1214.605,out,1
1326,0.971417,1215.085,1214.815,there,1
1327,0.999079,1215.384926,1215.175066,yeah,1
1328,1.0,1215.535,1215.385065,be,1
1329,1.0,1215.924944,1215.535,careful,1
1330,0.426616,1216.285,1215.955,manner,1
1331,0.522085,1220.413881,1219.255,data,1
1332,0.990529,1221.205136,1220.905485,driven,1
1333,0.437744,1221.565284,1221.205273,there,1
1334,0.951108,1222.105,1221.925,the,1
1335,0.936427,1222.673275,1222.105,amazon,1
1336,0.426636,1223.096533,1222.678065,is,1
1337,0.873768,1223.785,1223.395125,sick,1
1338,0.99057,1228.764407,1228.614042,they,1
1339,0.647791,1229.064247,1228.765,made,1
1340,0.273136,1229.755,1229.305,barren,1
1341,0.991335,1230.054762,1229.755645,really,1
1342,1.0,1230.445,1230.054762,easily,1
1343,0.665478,1231.705,1231.675,i,1
1344,0.983572,1232.271545,1231.959583,got,1
1345,0.588591,1232.721565,1232.305,carlisle,1
1346,0.951884,1233.085,1232.721565,damage,1
1347,0.898882,1237.855,1237.735,we,1
1348,0.786422,1238.07313,1237.855015,looked,1
1349,0.339117,1238.424894,1238.304989,and,1
1350,0.480118,1238.695,1238.440289,other,1
1351,0.914041,1238.965,1238.697199,said,1
1352,0.37436,1239.145,1239.055,i'm,1
1353,0.985262,1239.535,1239.150993,exactly,1
1354,0.543693,1239.88525,1239.535,driven,1
1355,0.892877,1240.255,1239.88525,can,1
1356,1.0,1241.005,1240.495,probably,1
1357,0.992885,1241.210371,1241.005,do,1
1358,0.323678,1241.87478,1241.242308,shoulder,1
1359,0.996837,1243.435,1243.195,them,1
1360,0.782881,1243.735,1243.435081,too,1
1361,0.859365,1248.953601,1248.595,yeah,1
1362,0.512557,1249.944978,1249.681929,gonna,1
1363,0.653752,1250.035015,1249.944978,be,1
1364,0.307116,1250.179071,1250.035015,doing,1
1365,0.215864,1250.395,1250.179071,winner,1
1366,0.911346,1250.813528,1250.485,somebody,1
1367,0.965361,1250.996113,1250.813528,has,1
1368,0.808641,1251.055,1250.996113,a,1
1369,0.563928,1251.415,1251.055,blower,1
1370,0.854562,1251.804718,1251.417552,in,1
1371,0.349471,1252.40541,1251.925,not,1
1372,0.554842,1252.585,1252.40541,on,1
1373,0.761659,1257.415,1257.355,i,1
1374,0.999846,1257.595004,1257.421914,got,1
1375,0.979518,1257.744938,1257.595004,him,1
1376,0.99791,1257.805,1257.745,i,1
1377,0.999975,1257.984985,1257.805,got,1
1378,0.996445,1258.105,1257.985,him,1
1379,0.933951,1258.165,1258.105,i,1
1380,0.996642,1258.345,1258.165004,got,1
1381,0.999188,1258.493524,1258.345,him,1
1382,0.316781,1259.365,1258.915,nice,1
1383,0.360286,1259.874326,1259.514209,nice,1
1384,0.782639,1260.894938,1260.775,i,1
1385,0.29916,1261.285,1260.894938,zones,1
1386,0.519833,1264.013616,1263.506981,nine,1
1387,0.827561,1264.524399,1264.135,snyder,1
1388,0.534007,1264.614242,1264.524399,to,1
1389,0.530566,1265.215,1264.825,resign,1
1390,0.115998,1266.115,1265.845,cameron,1
1391,0.623182,1266.417384,1266.297992,is,1
1392,0.396321,1266.99458,1266.417384,calculated,1
1393,0.543432,1267.081273,1266.99458,is,1
1394,0.435583,1267.583279,1267.105,charismatic,1
1395,0.2069,1267.669609,1267.584923,and,1
1396,0.553778,1267.701807,1267.669609,a,1
1397,0.795251,1268.005835,1267.703352,passive,1
1398,0.749859,1268.425,1268.007073,capacity,1
1399,0.437183,1269.832836,1269.663617,i,1
1400,0.270915,1270.006006,1269.835,forgot,1
1401,0.709599,1270.104996,1270.006006,got,1
1402,1.0,1270.255,1270.104996,him,1
1403,0.395142,1271.544938,1271.305956,this,1
1404,0.506585,1271.702064,1271.577271,is,1
1405,0.412036,1272.084729,1271.98999,the,1
1406,0.999358,1272.535,1272.084729,job,1
1407,0.427747,1273.029454,1272.595,obama,1
1408,0.457793,1273.346238,1273.135,couldn't,1
1409,0.500426,1273.679014,1273.346238,grow,1
1410,0.356713,1273.915,1273.679014,any,1
1411,0.698999,1274.301433,1273.915,tobacco,1
1412,0.447428,1274.420591,1274.301433,by,1
1413,0.392745,1274.755117,1274.425,congress,1
1414,0.381683,1275.016658,1274.755212,yeah,1
1415,0.988908,1275.444802,1275.085388,back,1
1416,0.925813,1275.745,1275.444802,here,1
1417,0.342358,1280.945825,1280.695,give,1
1418,0.396218,1281.115,1280.945825,have,1
1419,0.403011,1281.543049,1281.175256,conduit,1
1420,0.545669,1281.625015,1281.543049,in,1
1421,0.996252,1282.075066,1281.685366,custody,1
1422,0.980328,1282.285,1282.075066,in,1
1423,0.326132,1282.776521,1282.615,two,1
1424,0.593057,1283.185,1282.776521,places,1
1425,0.891535,1283.56249,1283.185,upon,1
1426,0.700735,1283.90248,1283.635,time,1
1427,0.434486,1283.992312,1283.90248,may,1
1428,0.589222,1284.055,1283.992312,be,1
1429,0.942262,1284.175,1284.055205,too,1
1430,1.0,1284.535,1284.175,risky,1
1431,0.688181,1290.444788,1290.325,it's,1
1432,0.756435,1290.773557,1290.444788,actually,1
1433,1.0,1290.984927,1290.773557,good,1
1434,0.932626,1291.074985,1290.985,at,1
1435,0.41501,1291.314165,1291.074985,his,1
1436,0.135736,1291.705,1291.315,theory,1
1437,0.513196,1292.035,1291.915,they,1
1438,0.981708,1292.185,1292.039438,should,1
1439,0.91216,1292.440315,1292.185,also,1
1440,0.784498,1292.811067,1292.514355,group,1
1441,0.869547,1292.992759,1292.815176,with,1
1442,0.805325,1293.055,1292.994978,a,1
1443,0.996469,1293.355,1293.055,team,1
1444,0.741731,1293.89522,1293.805,at,1
1445,0.770245,1293.984978,1293.895227,the,1
1446,1.0,1294.375,1293.984978,beginning,1
1447,0.920688,1297.163044,1296.655,ah,1
1448,0.355923,1297.362256,1297.225,hit,1
1449,0.399142,1297.434956,1297.362256,the,1
1450,0.342074,1297.734414,1297.434956,slowest,1
1451,0.987205,1297.915,1297.734414,come,1
1452,0.995689,1298.455,1297.915,on,1
1453,0.3279,1299.921982,1299.715557,going,1
1454,0.650849,1300.375,1299.954619,made,1
1455,0.857653,1300.495,1300.405,you,1
1456,0.871426,1300.732949,1300.496633,guys,1
1457,0.436391,1300.869363,1300.732949,you,1
1458,0.373977,1301.089045,1300.90468,guys,1
1459,0.38261,1301.484868,1301.089045,graduating,1
1460,0.387833,1301.754766,1301.485,vanish,1
1461,0.362158,1302.085,1301.755,once,1
1462,0.995992,1302.864985,1302.535,but,1
1463,0.658651,1303.754512,1303.315,now,1
1464,0.936027,1304.812986,1304.722986,i,1
1465,0.976011,1305.055,1304.845835,gotta,1
1466,0.98659,1305.205007,1305.055593,get,1
1467,0.859441,1305.265,1305.205007,a,1
1468,0.836202,1305.685,1305.265205,ward,1
1469,0.793034,1306.165,1305.895,near,1
1470,0.237716,1306.525,1306.165,baron,1
1471,1.0,1307.708271,1307.455586,i,1
1472,0.538125,1307.938992,1307.755066,need,1
1473,0.41065,1308.175,1307.995,break,1
1474,0.465686,1308.220879,1308.175,for,1
1475,0.512136,1308.47114,1308.220879,breakfast,1
1476,0.488758,1308.985,1308.47114,dance,1
1477,0.354003,1310.698984,1310.54604,it,1
1478,0.363942,1310.995,1310.698984,tools,1
1479,1.0,1311.355,1311.205,at,1
1480,1.0,1311.565,1311.355,least,1
1481,0.522513,1311.745,1311.565,walk,1
1482,0.980235,1311.895,1311.806655,the,1
1483,1.0,1312.315,1311.895154,path,1
1484,0.975456,1312.615,1312.345,towards,1
1485,0.795781,1312.674927,1312.615,the,1
1486,0.930427,1313.035,1312.674927,dragon,1
1487,0.905192,1313.93489,1313.815,i,1
1488,0.90272,1314.084978,1313.934963,mean,1
1489,0.561122,1314.295,1314.084978,verne,1
1490,0.993893,1314.534949,1314.295454,yeah,1
1491,0.762007,1314.655,1314.564985,we,1
1492,0.774932,1314.865908,1314.655168,do,1
1493,0.702811,1314.925,1314.865908,we,1
1494,1.0,1315.195,1314.985,need,1
1495,0.831188,1315.643433,1315.195,wards,1
1496,0.745543,1316.634971,1316.455,i've,1
1497,0.930842,1316.784993,1316.634971,got,1
1498,0.779657,1316.875,1316.815073,a,1
1499,0.998028,1317.218169,1316.905125,super,1
1500,0.692519,1317.505,1317.218169,further,1
1501,0.940901,1319.185,1318.885,yeah,1
1502,0.975745,1322.275,1321.825081,careful,1
1503,0.871932,1322.959609,1322.395,oh,1
1504,0.600895,1323.445,1323.025,are,1
1505,0.606679,1324.163931,1323.814492,really,1
1506,0.983808,1324.377944,1324.169482,fun,1
1507,0.97482,1324.582993,1324.377944,fun,1
1508,0.999427,1324.762319,1324.582993,fun,1
1509,0.999427,1324.969844,1324.762319,fun,1
1510,0.991574,1325.124114,1324.969844,fun,1
1511,0.434597,1325.363572,1325.124114,fact,1
1512,0.662618,1325.635,1325.364004,doctor,1
1513,0.980237,1326.715,1326.325,who,1
1514,0.609856,1329.654875,1328.845,boingboing,1
1515,0.398711,1330.556121,1330.226384,know,1
1516,0.514623,1331.214634,1330.855,enough,1
1517,0.766286,1333.465,1333.165,fucking,1
1518,0.403881,1333.945,1333.491125,juvenile,1
1519,0.965717,1334.483118,1333.957144,unusual,1
1520,0.504637,1334.965,1334.695,key,1
1521,0.926153,1335.145,1334.970376,to,1
1522,1.0,1335.235,1335.145,the,1
1523,0.992216,1335.535,1335.235,right,1
1524,0.702033,1336.134912,1336.015044,we,1
1525,0.459854,1336.285,1336.134912,care,1
1526,0.919102,1336.405059,1336.288325,for,1
1527,0.736496,1336.497271,1336.405059,them,1
1528,0.475113,1336.764165,1336.673579,to,1
1529,0.2532,1337.005,1336.765322,barn,1
1530,0.862222,1337.244414,1337.042485,because,1
1531,0.713699,1337.545,1337.244824,adults,1
1532,0.676984,1337.664604,1337.545,are,1
1533,0.395852,1337.994429,1337.665117,gonna,1
1534,0.395101,1338.265,1338.055,come,1
1535,0.610527,1338.512969,1338.290342,into,1
1536,0.415638,1338.863945,1338.512969,dogma,1
1537,0.744843,1339.075,1338.863945,but,1
1538,0.552082,1340.303872,1340.125132,i've,1
1539,0.863854,1340.468125,1340.305,got,1
1540,0.515498,1340.635,1340.468125,top,1
1541,0.895642,1340.755029,1340.635,for,1
1542,0.885721,1340.874985,1340.755029,that,1
1543,0.982092,1341.112261,1340.874985,yeah,1
1544,0.189995,1341.47377,1341.115,typical,1
1545,0.543102,1341.744897,1341.538999,heading,1
1546,0.824374,1341.919199,1341.744897,straight,1
1547,0.886442,1341.978247,1341.919199,to,1
1548,0.999734,1342.045,1341.981382,the,1
1549,0.614683,1342.285,1342.045,bar,1
1550,0.755061,1344.773257,1344.535,don't,1
1551,0.848169,1344.985,1344.773257,think,1
1552,0.505001,1345.105,1344.985,we,1
1553,0.505001,1345.405,1345.105,can,1
1554,0.88942,1346.024116,1345.465,contest,1
1555,0.41341,1346.24541,1346.065,mode,1
1556,0.935663,1346.403848,1346.24541,like,1
1557,0.288888,1346.874341,1346.482378,i'm,1
1558,0.574698,1347.085,1346.875249,free,1
1559,0.999714,1347.47522,1347.085762,country,1
1560,0.549745,1347.715,1347.47522,can,1
1561,0.253978,1348.275757,1347.835,ginger,1
1562,0.839682,1348.494575,1348.298945,all,1
1563,0.983292,1348.765,1348.498867,just,1
1564,0.232551,1349.190054,1348.855,ginned,1
1565,0.435382,1349.845,1349.217373,antonio,1
1566,0.573928,1351.134121,1350.475,jennifer,1
1567,0.902797,1351.465,1351.225,all,1
1568,0.104466,1352.005,1351.652383,farm,1
1569,0.62946,1353.473945,1353.385,he,1
1570,0.690284,1353.745,1353.473945,added,1
1571,0.89329,1354.485684,1354.334673,the,1
1572,0.650673,1354.701514,1354.49374,added,1
1573,0.924294,1354.944502,1354.701514,unit,1
1574,0.876567,1355.005,1354.944502,the,1
1575,0.99749,1355.305381,1355.008354,unit,1
1576,0.783986,1355.365,1355.305381,the,1
1577,0.84426,1355.605,1355.368779,unit,1
1578,0.868534,1357.443569,1356.985,amazon,1
1579,0.418505,1357.705,1357.443569,yourself,1
1580,0.548686,1357.793945,1357.705,and,1
1581,0.975467,1358.125,1357.793945,ten,1
1582,0.915102,1358.453828,1358.335015,it,1
1583,0.854023,1358.575,1358.453828,will,1
1584,1.0,1358.665,1358.575,be,1
1585,1.0,1358.905,1358.665,nice,1
1586,1.0,1359.055,1358.905,if,1
1587,1.0,1359.145,1359.055,i,1
1588,0.426494,1359.355366,1359.145,have,1
1589,0.400482,1359.6227,1359.445234,so,1
1590,0.288446,1359.955513,1359.625146,now,1
1591,0.790904,1360.195879,1359.976489,they,1
1592,0.5653,1360.375,1360.255,do,1
1593,0.968119,1360.524414,1360.37541,need,1
1594,1.0,1360.615,1360.524414,to,1
1595,1.0,1360.76481,1360.615,go,1
1596,0.357185,1360.945,1360.765,into,1
1597,0.296834,1361.425,1360.945,bitcoin,1
1598,0.985695,1363.144082,1362.746201,ah,1
1599,0.972646,1363.435,1363.22522,got,1
1600,0.814443,1363.611265,1363.435,it,1
1601,0.927821,1364.665,1364.275,shame,1
1602,0.266483,1369.885,1369.555,bomb,1
1603,0.591289,1370.185,1369.887153,that,1
1604,0.285053,1373.542173,1373.155,strive,1
1605,0.836656,1373.605,1373.542173,to,1
1606,0.950824,1373.754956,1373.605015,be,1
1607,0.995398,1374.169727,1373.754956,annoying,1
1608,0.446119,1375.072495,1374.870859,gonna,1
1609,0.963559,1375.435,1375.072495,say,1
1610,0.293766,1377.010029,1376.838467,not,1
1611,0.299878,1377.204297,1377.052363,by,1
1612,0.635109,1377.414268,1377.204619,sorry,1
1613,0.714923,1377.661372,1377.417227,gotta,1
1614,0.433056,1377.745176,1377.661372,go,1
1615,0.483375,1377.925674,1377.750068,call,1
1616,0.55625,1378.555,1377.944526,organize,1
1617,0.593503,1378.945,1378.555,finds,1
1618,0.38173,1379.093945,1378.945,out,1
1619,0.789157,1379.305,1379.093945,i'm,1
1620,0.875465,1379.815,1379.485,sorry,1
1621,0.304848,1380.991841,1380.865,oh,1
1622,0.767388,1381.315161,1381.169395,by,1
1623,0.763408,1381.51561,1381.315161,now,1
1624,0.689861,1381.702671,1381.615,it,1
1625,0.935493,1381.824985,1381.702671,would,1
1626,0.993754,1381.915,1381.824985,have,1
1627,1.0,1382.275,1381.915,taken,1
1628,0.898347,1382.395,1382.275,it,1
1629,0.847961,1382.754692,1382.395,anyway,1
1630,0.933859,1383.295,1382.845,somehow,1
1631,0.274527,1398.273672,1398.086157,this,1
1632,0.332144,1398.535,1398.273672,always,1
1633,0.24968,1398.745,1398.535,caught,1
1634,0.443321,1398.807534,1398.747432,in,1
1635,0.688836,1399.254971,1398.807534,indonesia,1
1636,0.999992,1399.675029,1399.278818,split,1
1637,0.713832,1399.742456,1399.675029,the,1
1638,0.589312,1400.101094,1399.742456,entire,1
1639,0.602232,1400.365,1400.155264,him,1
1640,0.808654,1402.957217,1402.776191,i,1
1641,0.379842,1403.245,1402.975,don't,1
1642,0.613228,1403.694546,1403.522544,he,1
1643,0.575619,1403.963286,1403.695015,doesn't,1
1644,0.556599,1404.09792,1403.963286,need,1
1645,0.999662,1404.175,1404.09792,to,1
1646,1.0,1404.295,1404.175,do,1
1647,1.0,1404.625,1404.295,anything,1
1648,0.996796,1404.925,1404.625,more,1
1649,0.636752,1405.975,1405.375,literally,1
1650,0.44821,1407.235,1406.665,sonnen,1
1651,0.497565,1417.675,1417.375234,right,1
1652,0.386775,1418.844136,1418.812891,i,1
1653,0.48161,1419.841021,1419.535,think,1
1654,0.596179,1419.985,1419.841021,give,1
1655,0.996558,1420.135,1419.985,this,1
1656,0.982285,1420.255,1420.135,one,1
1657,0.48839,1420.345322,1420.255,is,1
1658,0.325,1420.435,1420.345322,or,1
1659,0.807464,1420.584985,1420.43541,could,1
1660,0.860053,1420.675,1420.584985,have,1
1661,0.701167,1421.185,1420.675,coburn,1
1662,0.708703,1422.983242,1422.864531,yeah,1
1663,0.710705,1423.075,1422.983242,and,1
1664,0.881795,1423.225,1423.075,it's,1
1665,0.970049,1423.434956,1423.225,only,1
1666,0.351186,1423.70519,1423.435,cloud,1
1667,0.447327,1424.005,1423.706816,so,1
1668,0.195772,1424.582676,1424.125015,there's,1
1669,0.339719,1424.78478,1424.582676,i,1
1670,0.783562,1425.925,1425.715,no,1
1671,0.873719,1426.225,1425.925,biggie,1
1672,0.662282,1431.475,1431.145,though,1
1673,0.954852,1431.744473,1431.594106,the,1
1674,0.767622,1432.105,1431.744722,herald,1
1675,0.994562,1436.665,1436.575,i,1
1676,0.981936,1436.814604,1436.665,think,1
1677,0.943618,1436.874956,1436.814604,we,1
1678,0.98545,1436.995059,1436.874956,should,1
1679,0.994351,1437.204941,1436.995059,just,1
1680,0.825345,1438.044971,1437.565073,mail,1
1681,0.914131,1438.224985,1438.075,do,1
1682,0.987884,1438.435513,1438.225015,like,1
1683,0.919326,1438.495,1438.435513,a,1
1684,0.804367,1438.735,1438.495,bush,1
1685,0.844507,1439.035,1438.735,conquer,1
1686,1.0,1439.425,1439.035498,something,1
1687,0.434907,1441.075,1440.445,differently,1
1688,0.996022,1442.934854,1442.785,i,1
1689,0.461816,1443.265,1442.935688,failed,1
1690,0.562351,1443.595,1443.265,interest,1
1691,0.72839,1443.8154,1443.61,in,1
1692,0.358199,1444.374063,1443.8154,zionism,1
1693,0.985346,1445.065,1444.645059,minute,1
1694,0.754559,1445.275,1445.185,the,1
1695,0.938728,1445.635,1445.27752,winter,1
1696,0.953588,1446.085,1445.635,sale,1
1697,1.0,1448.965088,1448.695,oh,1
1698,0.995896,1449.115,1448.965088,my,1
1699,1.0,1449.475,1449.115,god,1
1700,0.484083,1451.875,1451.545,wow,1
1701,0.99613,1455.295,1454.875,nice,1
1702,0.344789,1455.595,1455.295,visuals,1
1703,0.603352,1456.164927,1456.045059,are,1
1704,0.631219,1456.370723,1456.165161,going,1
1705,0.608036,1456.440083,1456.370723,to,1
1706,0.250112,1456.578965,1456.440083,go,1
1707,0.489799,1456.975,1456.585,khyber,1
1708,0.189039,1458.865732,1458.50626,damned,1
1709,0.337467,1459.015,1458.866113,it,1
1710,0.951878,1462.285,1462.075,mean,1
1711,0.984991,1462.405,1462.285059,they,1
1712,0.985904,1462.914795,1462.405059,predicted,1
1713,0.494996,1462.97459,1462.914795,a,1
1714,0.171717,1463.395,1462.975,tail,1
1715,0.548194,1465.821602,1465.375,oh,1
1716,0.945702,1466.035117,1465.885,did,1
1717,0.914404,1466.246523,1466.035117,all,1
1718,0.42613,1466.306172,1466.246523,he,1
1719,0.60355,1466.484033,1466.306172,could,1
1720,0.743166,1467.115,1466.484033,revoke,1
1721,0.611552,1467.294443,1467.175088,the,1
1722,0.441041,1467.595,1467.294443,sword,1
1723,0.99345,1468.915,1468.705,the,1
1724,0.84449,1469.455,1469.065,research,1
1725,0.629683,1470.055,1469.485,obama,1
1726,0.650856,1474.09835,1473.896055,la,1
1727,0.914799,1474.258164,1474.09835,la,1
1728,0.983004,1474.41915,1474.258164,la,1
1729,0.880702,1474.703447,1474.41915,la,1
1730,0.919084,1474.964453,1474.719736,la,1
1731,0.987458,1475.252354,1475.035088,la,1
1732,1.0,1475.543008,1475.312881,la,1
1733,1.0,1476.001504,1475.657529,la,1
1734,1.0,1476.678848,1476.316475,la,1
1735,0.953999,1477.380889,1477.065215,la,1
1736,0.855418,1477.788408,1477.566719,la,1
1737,0.612498,1478.009307,1477.851836,la,1
1738,0.370889,1478.308604,1478.009307,lala,1
1739,0.356271,1478.523145,1478.462939,a,1
1740,0.492741,1478.845,1478.785,i,1
1741,0.772962,1479.143799,1478.845059,managed,1
1742,0.951963,1479.385,1479.176113,all,1
1743,0.853077,1479.898135,1479.475,driven,1
1744,0.716611,1480.195,1479.925,on,1
1745,0.927191,1480.285059,1480.19752,the,1
1746,0.7232,1480.884883,1480.285059,khyber,1
1747,0.98722,1481.307314,1481.125,could,1
1748,0.795274,1481.426172,1481.307314,have,1
1749,0.427595,1481.855488,1481.643643,blood,1
1750,0.360379,1482.056934,1481.855488,got,1
1751,0.570562,1482.350342,1482.290254,i,1
1752,0.347656,1482.625,1482.461875,seeing,1
1753,0.781371,1482.895,1482.634902,this,1
1754,0.524264,1483.524209,1483.165,guy,1
1755,0.641632,1483.735,1483.555,hit,1
1756,0.821645,1483.766641,1483.73623,a,1
1757,0.53424,1483.918955,1483.766641,lot,1
1758,0.694471,1484.124209,1483.940605,back,1
1759,0.909877,1484.244648,1484.124209,of,1
1760,0.760074,1484.335,1484.245,it,1
1761,0.84064,1486.700547,1486.345,while,1
1762,0.697769,1486.885,1486.700547,was,1
1763,0.878328,1487.335,1486.945,pre,1
1764,0.518874,1488.32084,1487.828711,through,1
1765,0.532224,1488.866641,1488.535,talks,1
1766,0.211822,1489.017051,1488.866641,they,1
1767,0.492058,1489.39873,1489.045,cannot,1
1768,0.576903,1489.855059,1489.39873,hurt,1
1769,0.47123,1490.064268,1489.861533,our,1
1770,0.92191,1490.273857,1490.064268,i,1
1771,0.417331,1490.604883,1490.275,think,1
1772,0.802646,1491.582754,1491.205,what,1
1773,0.381852,1491.835,1491.595,like,1
1774,0.930317,1492.104531,1491.92459,what,1
1775,0.933154,1492.434355,1492.104531,happened,1
1776,0.495283,1492.585088,1492.465,did,1
1777,0.491463,1492.825,1492.585088,didn't,1
1778,0.998849,1493.035,1492.840088,say,1
1779,1.0,1493.365,1493.035,something,1
1780,0.319097,1494.145937,1493.845,early,1
1781,0.447885,1494.535,1494.154287,age,1
1782,0.447435,1494.683184,1494.535264,and,1
1783,0.921341,1494.895,1494.683184,said,1
1784,0.699722,1495.525,1494.895,iseman,1
1785,0.846058,1495.676318,1495.584531,i,1
1786,0.522698,1496.004766,1495.676318,needed,1
1787,0.412385,1496.125,1496.004912,him,1
1788,0.466645,1496.546758,1496.248633,gonna,1
1789,0.41559,1496.689756,1496.546758,get,1
1790,0.714422,1496.738535,1496.689756,a,1
1791,0.365954,1497.316592,1496.845937,file,1
1792,0.670647,1498.405234,1497.985,nine,1
1793,0.607525,1498.795498,1498.435059,miata,1
1794,0.175729,1499.065352,1498.795498,kind,1
1795,0.962816,1499.335,1499.065352,after,1
1796,0.998192,1499.455,1499.335059,the,1
1797,1.0,1499.845,1499.455,first,1
1798,0.999422,1500.115,1499.845,thing,1
1799,1.0,1500.205,1500.115,he,1
1800,1.0,1500.565,1500.205,said,1
1801,0.573627,1500.832539,1500.625469,was,1
1802,0.955902,1501.165,1500.835,like,1
1803,0.462637,1501.645205,1501.435,why,1
1804,0.491801,1501.794619,1501.645205,would,1
1805,0.806036,1501.945,1501.854795,you,1
1806,0.99708,1502.275,1501.945,say,1
1807,0.780665,1503.145,1503.025,i,1
1808,0.758325,1503.324824,1503.145,know,1
1809,0.765775,1503.415,1503.325176,he,1
1810,0.628493,1503.655,1503.415,says,1
1811,1.0,1504.105,1503.655,something,1
1812,1.0,1504.765,1504.495,but,1
1813,0.546492,1505.545,1505.125,anna,1
1814,0.816717,1505.875,1505.665,but,1
1815,0.994023,1506.535,1506.055059,remember,1
1816,0.919288,1507.285059,1507.105,this,1
1817,0.81404,1507.614561,1507.285059,muted,1
1818,0.993792,1507.735,1507.614561,him,1
1819,0.987656,1508.245,1507.735,straightaway,1
1820,0.910403,1508.605,1508.335,of,1
1821,0.637418,1509.143711,1509.023506,the,1
1822,0.747588,1509.325,1509.145,kind,1
1823,0.747588,1509.415,1509.325,of,1
1824,0.982043,1509.805,1509.422295,damage,1
